index,label_name,label
0,clean,0
1,clean,0
2,clean,0
3,clean,0
4,clean,0
5,clean,0
6,clean,0
7,clean,0
8,clean,0
9,clean,0
10,too_low_volume,2
11,too_low_volume,2
12,clean,0
13,clean,0
14,clean,0
15,clean,0
16,noisy,1
17,clean,0
18,clean,0
19,clean,0
20,clean,0
21,clean,0
22,clean,0
23,clean,0
24,clean,0
25,clean,0
26,clean,0
27,clean,0
28,too_low_volume,2
29,too_low_volume,2
30,clean,0
31,noisy,1
32,too_low_volume,2
33,noisy,1
34,clean,0
35,clean,0
36,clean,0
37,clean,0
38,clean,0
39,clean,0
40,clean,0
41,clean,0
42,clean,0
43,clean,0
44,clean,0
45,clean,0
46,clean,0
47,clean,0
48,clean,0
49,clean,0
50,clean,0
51,clean,0
52,clean,0
53,too_low_volume,2
54,clean,0
55,clean,0
56,too_low_volume,2
57,too_low_volume,2
60,clean,0
61,clean,0
62,clean,0
63,clean,0
64,clean,0
65,noisy,1
66,clean,0
67,clean,0
68,clean,0
69,clean,0
70,clean,0
71,clean,0
72,clean,0
73,clean,0
74,clean,0
75,clean,0
76,clean,0
77,noisy,1
78,clean,0
79,clean,0
80,too_low_volume,2
81,clean,0
82,clean,0
83,too_low_volume,2
84,clean,0
85,clean,0
86,clean,0
87,clean,0
88,clean,0
89,noisy,1
90,clean,0
91,clean,0
92,clean,0
93,clean,0
94,noisy,1
95,too_low_volume,2
96,clean,0
97,clean,0
98,clean,0
99,clean,0
100,clean,0
101,clean,0
102,clean,0
103,clean,0
104,clean,0
105,clean,0
106,clean,0
107,clean,0
108,clean,0
109,clean,0
110,clean,0
111,clean,0
112,clean,0
113,clean,0
114,clean,0
115,clean,0
116,clean,0
117,clean,0
118,clean,0
119,clean,0
120,clean,0
121,clean,0
122,clean,0
123,clean,0
124,clean,0
125,clean,0
126,clean,0
127,clean,0
128,clean,0
129,clean,0
130,clean,0
131,clean,0
132,clean,0
133,clean,0
134,clean,0
135,clean,0
136,clean,0
137,noisy,1
140,clean,0
141,clean,0
142,clean,0
143,clean,0
144,clean,0
145,clean,0
146,clean,0
147,clean,0
148,clean,0
149,clean,0
150,clean,0
151,clean,0
152,clean,0
153,clean,0
154,noisy,1
155,too_low_volume,2
156,clean,0
157,clean,0
158,clean,0
159,too_low_volume,2
160,clean,0
161,clean,0
162,clean,0
163,clean,0
164,clean,0
165,clean,0
166,too_low_volume,2
167,too_low_volume,2
168,too_low_volume,2
169,too_low_volume,2
170,clean,0
171,clean,0
173,clean,0
174,clean,0
175,noisy,1
176,clean,0
177,clean,0
178,clean,0
179,clean,0
180,noisy,1
181,clean,0
182,clean,0
183,clean,0
184,clean,0
185,clean,0
186,clean,0
187,clean,0
188,clean,0
189,clean,0
190,clean,0
191,clean,0
192,clean,0
193,clean,0
194,clean,0
195,clean,0
196,clean,0
197,noisy,1
198,clean,0
199,noisy,1
200,too_low_volume,2
201,too_low_volume,2
202,clean,0
203,clean,0
204,clean,0
205,clean,0
206,clean,0
207,clean,0
208,clean,0
209,clean,0
210,clean,0
211,clean,0
212,clean,0
213,clean,0
214,clean,0
215,clean,0
216,clean,0
217,clean,0
218,clean,0
219,clean,0
220,clean,0
221,clean,0
222,clean,0
223,too_low_volume,2
224,clean,0
225,clean,0
226,clean,0
227,clean,0
228,clean,0
229,clean,0
230,too_low_volume,2
231,clean,0
232,clean,0
233,clean,0
234,too_low_volume,2
235,clean,0
236,clean,0
237,noisy,1
238,clean,0
239,clean,0
240,clean,0
241,clean,0
242,clean,0
243,clean,0
244,noisy,1
245,clean,0
246,clean,0
247,clean,0
248,clean,0
249,clean,0
250,clean,0
251,clean,0
252,clean,0
253,clean,0
254,clean,0
255,clean,0
256,clean,0
257,clean,0
258,clean,0
259,clean,0
260,clean,0
261,clean,0
262,clean,0
263,clean,0
264,clean,0
265,clean,0
266,clean,0
267,clean,0
268,clean,0
269,too_low_volume,2
270,clean,0
271,clean,0
272,clean,0
273,clean,0
274,clean,0
275,clean,0
276,clean,0
277,noisy,1
278,clean,0
279,clean,0
280,clean,0
281,clean,0
282,clean,0
283,clean,0
284,clean,0
285,clean,0
286,clean,0
287,clean,0
288,clean,0
289,clean,0
290,clean,0
291,clean,0
292,clean,0
293,clean,0
294,noisy,1
295,noisy,1
296,clean,0
297,clean,0
298,clean,0
299,clean,0
300,clean,0
301,clean,0
302,clean,0
303,noisy,1
304,clean,0
305,clean,0
306,clean,0
307,clean,0
308,clean,0
309,clean,0
310,too_low_volume,2
311,too_low_volume,2
312,noisy,1
313,too_low_volume,2
314,clean,0
315,clean,0
316,clean,0
317,noisy,1
318,clean,0
319,noisy,1
320,clean,0
321,clean,0
322,clean,0
323,clean,0
324,clean,0
325,clean,0
326,clean,0
327,clean,0
328,clean,0
329,clean,0
330,clean,0
331,clean,0
332,clean,0
333,clean,0
334,clean,0
335,clean,0
336,clean,0
337,clean,0
338,clean,0
339,clean,0
340,clean,0
341,clean,0
342,clean,0
343,clean,0
344,clean,0
345,clean,0
346,clean,0
347,clean,0
348,clean,0
349,clean,0
350,clean,0
351,clean,0
352,clean,0
353,clean,0
354,clean,0
355,clean,0
356,clean,0
357,clean,0
358,clean,0
359,clean,0
360,clean,0
361,clean,0
362,clean,0
363,clean,0
364,clean,0
365,noisy,1
366,noisy,1
367,too_low_volume,2
368,clean,0
369,clean,0
370,clean,0
371,clean,0
372,clean,0
373,too_low_volume,2
374,clean,0
375,clean,0
376,clean,0
377,clean,0
378,clean,0
379,clean,0
380,clean,0
381,clean,0
382,noisy,1
383,clean,0
384,clean,0
385,noisy,1
386,clean,0
387,clean,0
388,clean,0
389,clean,0
390,clean,0
391,clean,0
392,clean,0
393,clean,0
394,clean,0
395,clean,0
396,clean,0
397,clean,0
398,clean,0
399,clean,0
400,clean,0
401,clean,0
402,clean,0
403,clean,0
404,clean,0
405,clean,0
406,clean,0
407,clean,0
408,clean,0
409,clean,0
410,clean,0
411,clean,0
412,clean,0
413,clean,0
415,too_low_volume,2
416,clean,0
417,clean,0
418,clean,0
419,clean,0
420,clean,0
421,clean,0
422,clean,0
423,clean,0
424,clean,0
425,clean,0
426,clean,0
427,clean,0
428,clean,0
429,clean,0
430,too_low_volume,2
431,too_low_volume,2
432,clean,0
433,clean,0
434,clean,0
435,clean,0
436,clean,0
437,clean,0
438,clean,0
439,clean,0
440,clean,0
441,clean,0
442,clean,0
443,clean,0
444,clean,0
445,clean,0
446,clean,0
447,clean,0
448,clean,0
449,clean,0
450,clean,0
451,clean,0
452,noisy,1
453,noisy,1
454,clean,0
455,clean,0
456,clean,0
457,clean,0
458,clean,0
459,clean,0
460,clean,0
461,clean,0
464,too_low_volume,2
465,too_low_volume,2
466,clean,0
467,clean,0
468,too_low_volume,2
469,too_low_volume,2
470,clean,0
471,clean,0
472,clean,0
473,too_low_volume,2
474,clean,0
475,clean,0
476,clean,0
477,clean,0
478,clean,0
479,clean,0
480,clean,0
481,clean,0
482,noisy,1
483,too_low_volume,2
484,noisy,1
485,too_low_volume,2
486,clean,0
487,clean,0
488,clean,0
489,clean,0
492,clean,0
493,clean,0
494,clean,0
495,clean,0
496,clean,0
497,clean,0
498,clean,0
499,clean,0
500,clean,0
501,clean,0
502,clean,0
503,clean,0
504,clean,0
505,clean,0
506,clean,0
507,clean,0
508,too_low_volume,2
509,clean,0
510,clean,0
511,clean,0
512,clean,0
513,clean,0
514,clean,0
515,clean,0
516,too_low_volume,2
517,too_low_volume,2
518,clean,0
519,clean,0
520,clean,0
521,clean,0
522,clean,0
523,clean,0
524,clean,0
525,noisy,1
526,clean,0
527,clean,0
528,clean,0
529,noisy,1
530,clean,0
531,clean,0
534,clean,0
535,noisy,1
536,clean,0
537,clean,0
538,clean,0
539,clean,0
540,clean,0
541,clean,0
542,clean,0
543,clean,0
544,clean,0
545,noisy,1
546,clean,0
547,noisy,1
548,clean,0
549,clean,0
550,clean,0
551,clean,0
552,clean,0
553,clean,0
554,clean,0
555,clean,0
556,clean,0
557,noisy,1
558,clean,0
559,noisy,1
560,clean,0
561,clean,0
562,clean,0
563,clean,0
566,clean,0
567,clean,0
568,clean,0
569,too_low_volume,2
570,clean,0
571,clean,0
572,clean,0
573,clean,0
574,clean,0
575,clean,0
576,clean,0
577,clean,0
578,clean,0
579,clean,0
580,clean,0
581,noisy,1
582,clean,0
583,clean,0
584,clean,0
585,clean,0
586,clean,0
587,noisy,1
588,clean,0
589,clean,0
590,clean,0
591,clean,0
592,noisy,1
593,noisy,1
594,clean,0
595,clean,0
596,clean,0
597,clean,0
598,clean,0
599,clean,0
600,clean,0
601,clean,0
602,clean,0
603,clean,0
604,clean,0
605,noisy,1
606,clean,0
607,clean,0
608,clean,0
609,clean,0
610,clean,0
611,clean,0
612,clean,0
613,clean,0
614,clean,0
615,clean,0
616,clean,0
617,noisy,1
618,clean,0
619,clean,0
620,clean,0
621,clean,0
622,clean,0
623,clean,0
624,clean,0
625,clean,0
626,clean,0
627,clean,0
628,clean,0
629,clean,0
632,clean,0
633,clean,0
634,clean,0
635,noisy,1
636,clean,0
637,noisy,1
638,clean,0
639,clean,0
640,clean,0
641,clean,0
642,clean,0
643,clean,0
644,clean,0
645,clean,0
646,clean,0
647,clean,0
648,clean,0
649,too_low_volume,2
650,clean,0
651,clean,0
652,clean,0
653,clean,0
654,clean,0
655,clean,0
656,clean,0
657,clean,0
658,too_low_volume,2
659,too_low_volume,2
660,clean,0
661,clean,0
662,clean,0
663,clean,0
664,clean,0
665,too_low_volume,2
666,clean,0
667,clean,0
668,noisy,1
669,clean,0
670,clean,0
671,clean,0
672,clean,0
673,clean,0
674,clean,0
675,clean,0
676,clean,0
677,clean,0
678,clean,0
679,noisy,1
680,clean,0
681,noisy,1
682,clean,0
683,clean,0
684,clean,0
685,clean,0
686,clean,0
687,clean,0
688,clean,0
689,clean,0
690,clean,0
691,clean,0
692,clean,0
693,clean,0
694,clean,0
695,clean,0
696,clean,0
697,clean,0
698,clean,0
699,clean,0
700,clean,0
701,clean,0
702,clean,0
703,clean,0
704,noisy,1
705,noisy,1
706,clean,0
707,clean,0
708,clean,0
709,clean,0
710,clean,0
711,clean,0
712,clean,0
713,clean,0
714,clean,0
715,clean,0
716,clean,0
717,clean,0
718,clean,0
719,clean,0
720,clean,0
721,clean,0
722,clean,0
723,clean,0
724,clean,0
725,clean,0
726,clean,0
727,clean,0
728,noisy,1
729,noisy,1
730,clean,0
731,clean,0
734,clean,0
735,clean,0
736,noisy,1
737,noisy,1
738,clean,0
739,clean,0
740,clean,0
741,clean,0
744,clean,0
745,clean,0
746,clean,0
747,clean,0
748,clean,0
749,clean,0
750,clean,0
751,clean,0
752,clean,0
753,clean,0
754,clean,0
755,clean,0
756,noisy,1
757,too_low_volume,2
758,clean,0
759,clean,0
760,clean,0
761,clean,0
762,clean,0
763,clean,0
764,clean,0
765,clean,0
766,clean,0
767,clean,0
768,clean,0
769,clean,0
770,clean,0
771,clean,0
772,clean,0
773,clean,0
774,clean,0
775,noisy,1
776,clean,0
777,clean,0
778,clean,0
779,clean,0
780,noisy,1
781,too_low_volume,2
782,clean,0
783,clean,0
784,clean,0
785,clean,0
786,clean,0
787,clean,0
788,clean,0
789,clean,0
790,clean,0
791,clean,0
792,clean,0
793,clean,0
794,clean,0
795,clean,0
796,clean,0
797,clean,0
798,clean,0
799,too_low_volume,2
800,clean,0
801,clean,0
802,clean,0
803,clean,0
806,clean,0
807,noisy,1
808,clean,0
809,clean,0
810,clean,0
811,clean,0
812,clean,0
813,clean,0
814,clean,0
815,clean,0
816,clean,0
817,clean,0
818,too_low_volume,2
819,too_low_volume,2
820,clean,0
821,clean,0
822,clean,0
823,clean,0
824,clean,0
825,clean,0
826,clean,0
827,clean,0
828,clean,0
829,clean,0
830,clean,0
831,clean,0
832,noisy,1
833,noisy,1
834,clean,0
835,noisy,1
836,clean,0
837,clean,0
838,noisy,1
839,too_low_volume,2
840,clean,0
841,clean,0
842,clean,0
843,noisy,1
844,clean,0
845,clean,0
846,clean,0
847,noisy,1
848,clean,0
849,clean,0
850,clean,0
851,noisy,1
852,clean,0
853,noisy,1
854,clean,0
855,clean,0
856,clean,0
857,clean,0
858,clean,0
859,clean,0
860,clean,0
861,clean,0
862,clean,0
863,clean,0
864,clean,0
865,clean,0
866,clean,0
867,clean,0
868,clean,0
869,noisy,1
870,clean,0
871,clean,0
872,clean,0
873,clean,0
874,clean,0
875,clean,0
876,clean,0
877,clean,0
878,clean,0
879,noisy,1
880,noisy,1
881,noisy,1
882,clean,0
883,clean,0
884,clean,0
885,clean,0
886,noisy,1
887,too_low_volume,2
888,clean,0
889,clean,0
890,noisy,1
891,noisy,1
892,clean,0
893,clean,0
894,clean,0
895,too_low_volume,2
896,clean,0
897,clean,0
898,clean,0
899,clean,0
900,clean,0
901,clean,0
902,clean,0
903,clean,0
904,clean,0
905,clean,0
906,clean,0
907,clean,0
908,clean,0
909,noisy,1
910,clean,0
911,clean,0
912,clean,0
913,clean,0
914,clean,0
915,clean,0
916,clean,0
917,clean,0
918,clean,0
919,clean,0
920,clean,0
921,clean,0
922,clean,0
923,clean,0
924,clean,0
925,clean,0
926,clean,0
927,too_low_volume,2
928,clean,0
929,clean,0
930,clean,0
931,clean,0
932,clean,0
933,clean,0
934,clean,0
935,noisy,1
936,clean,0
937,clean,0
938,clean,0
939,too_low_volume,2
940,clean,0
941,clean,0
942,clean,0
943,clean,0
944,clean,0
945,clean,0
946,clean,0
947,clean,0
948,clean,0
949,clean,0
950,clean,0
951,clean,0
952,clean,0
953,clean,0
954,clean,0
955,clean,0
956,clean,0
957,noisy,1
958,clean,0
959,noisy,1
960,clean,0
961,noisy,1
962,clean,0
963,clean,0
964,clean,0
965,noisy,1
966,clean,0
967,clean,0
968,clean,0
969,clean,0
970,clean,0
971,too_low_volume,2
972,clean,0
973,clean,0
974,clean,0
975,clean,0
976,clean,0
977,clean,0
978,clean,0
979,noisy,1
980,clean,0
981,clean,0
982,clean,0
983,clean,0
984,clean,0
985,clean,0
986,clean,0
987,clean,0
988,clean,0
989,clean,0
990,clean,0
991,noisy,1
992,clean,0
993,clean,0
994,clean,0
995,clean,0
997,too_low_volume,2
998,clean,0
999,clean,0
1000,clean,0
1001,clean,0
1002,clean,0
1003,clean,0
1004,clean,0
1005,clean,0
1006,clean,0
1007,clean,0
1008,clean,0
1009,clean,0
1010,clean,0
1011,clean,0
1014,clean,0
1015,clean,0
1016,clean,0
1017,clean,0
1018,too_low_volume,2
1019,noisy,1
1020,clean,0
1021,clean,0
1022,clean,0
1023,clean,0
1024,clean,0
1025,too_low_volume,2
1026,noisy,1
1027,clean,0
1028,clean,0
1029,clean,0
1030,clean,0
1031,clean,0
1032,clean,0
1033,noisy,1
1036,clean,0
1037,clean,0
1038,clean,0
1039,clean,0
1040,clean,0
1041,clean,0
1042,clean,0
1043,clean,0
1044,clean,0
1045,clean,0
1046,clean,0
1047,clean,0
1048,clean,0
1049,clean,0
1050,clean,0
1051,clean,0
1052,clean,0
1053,clean,0
1054,clean,0
1055,too_low_volume,2
1056,clean,0
1057,noisy,1
1058,clean,0
1059,clean,0
1060,clean,0
1061,clean,0
1062,clean,0
1063,clean,0
1064,clean,0
1065,clean,0
1066,clean,0
1067,clean,0
1068,clean,0
1069,clean,0
1070,clean,0
1071,clean,0
1072,noisy,1
1073,noisy,1
1074,clean,0
1075,noisy,1
1076,clean,0
1077,clean,0
1078,clean,0
1079,clean,0
1080,clean,0
1081,clean,0
1082,clean,0
1083,clean,0
1084,too_low_volume,2
1085,too_low_volume,2
1086,too_low_volume,2
1087,too_low_volume,2
1088,clean,0
1089,clean,0
1090,clean,0
1091,noisy,1
1092,clean,0
1093,clean,0
1094,clean,0
1095,clean,0
1096,clean,0
1097,clean,0
1098,clean,0
1099,clean,0
1100,clean,0
1101,clean,0
1102,clean,0
1103,clean,0
1104,clean,0
1105,noisy,1
1106,clean,0
1107,clean,0
1108,clean,0
1109,clean,0
1110,clean,0
1111,noisy,1
1112,clean,0
1113,clean,0
1114,clean,0
1115,clean,0
1116,clean,0
1117,clean,0
1118,clean,0
1119,clean,0
1120,clean,0
1121,clean,0
1122,clean,0
1123,clean,0
1124,clean,0
1125,clean,0
1126,clean,0
1127,clean,0
1128,clean,0
1129,clean,0
1130,noisy,1
1131,too_low_volume,2
1132,clean,0
1133,noisy,1
1134,clean,0
1135,clean,0
1136,clean,0
1137,noisy,1
1138,clean,0
1139,clean,0
1140,clean,0
1141,noisy,1
1142,clean,0
1143,clean,0
1144,clean,0
1145,clean,0
1146,clean,0
1147,clean,0
1148,clean,0
1149,clean,0
1150,clean,0
1151,clean,0
1152,clean,0
1153,clean,0
1154,clean,0
1155,clean,0
1156,clean,0
1157,too_low_volume,2
1158,clean,0
1159,clean,0
1160,clean,0
1161,clean,0
1162,clean,0
1163,clean,0
1164,clean,0
1165,clean,0
1166,clean,0
1167,clean,0
1168,clean,0
1169,too_low_volume,2
1170,clean,0
1171,clean,0
1172,clean,0
1173,clean,0
1174,clean,0
1175,clean,0
1176,clean,0
1177,noisy,1
1178,clean,0
1179,clean,0
1180,clean,0
1181,clean,0
1182,too_low_volume,2
1183,too_low_volume,2
1184,clean,0
1185,clean,0
1186,clean,0
1187,noisy,1
1188,clean,0
1189,clean,0
1190,clean,0
1191,noisy,1
1192,clean,0
1193,clean,0
1194,clean,0
1195,clean,0
1196,clean,0
1197,noisy,1
1198,clean,0
1199,clean,0
1200,too_low_volume,2
1201,too_low_volume,2
1202,clean,0
1203,clean,0
1204,clean,0
1205,clean,0
1206,clean,0
1207,noisy,1
1208,clean,0
1209,clean,0
1210,too_low_volume,2
1211,too_low_volume,2
1212,clean,0
1213,clean,0
1214,clean,0
1215,clean,0
1216,clean,0
1217,noisy,1
1218,clean,0
1219,clean,0
1220,clean,0
1221,clean,0
1222,clean,0
1223,clean,0
1224,clean,0
1225,clean,0
1226,clean,0
1227,clean,0
1228,clean,0
1229,clean,0
1230,clean,0
1231,clean,0
1232,clean,0
1233,clean,0
1234,clean,0
1235,clean,0
1236,clean,0
1237,clean,0
1238,clean,0
1239,clean,0
1240,clean,0
1241,clean,0
1242,clean,0
1243,clean,0
1244,clean,0
1245,clean,0
1246,clean,0
1247,clean,0
1248,noisy,1
1249,too_low_volume,2
1250,clean,0
1251,clean,0
1252,clean,0
1253,clean,0
1254,clean,0
1255,clean,0
1256,clean,0
1257,clean,0
1258,clean,0
1259,clean,0
1260,clean,0
1261,clean,0
1262,clean,0
1263,clean,0
1264,noisy,1
1265,too_low_volume,2
1266,clean,0
1267,clean,0
1268,noisy,1
1269,too_low_volume,2
1270,too_low_volume,2
1271,noisy,1
1272,clean,0
1273,too_low_volume,2
1274,clean,0
1275,clean,0
1276,clean,0
1277,clean,0
1278,clean,0
1279,clean,0
1280,clean,0
1281,clean,0
1282,clean,0
1283,clean,0
1284,clean,0
1285,noisy,1
1286,clean,0
1287,clean,0
1288,clean,0
1289,clean,0
1290,clean,0
1291,clean,0
1292,clean,0
1293,clean,0
1294,clean,0
1295,clean,0
1296,clean,0
1297,clean,0
1298,clean,0
1299,clean,0
1300,clean,0
1301,clean,0
1302,clean,0
1303,noisy,1
1304,clean,0
1305,clean,0
1306,clean,0
1307,noisy,1
1308,clean,0
1309,clean,0
1310,clean,0
1311,noisy,1
1312,too_low_volume,2
1313,too_low_volume,2
1314,clean,0
1315,clean,0
1316,clean,0
1317,clean,0
1318,clean,0
1319,clean,0
1320,clean,0
1321,clean,0
1322,clean,0
1323,clean,0
1324,clean,0
1325,clean,0
1326,noisy,1
1327,clean,0
1328,clean,0
1329,clean,0
1330,clean,0
1331,clean,0
1332,noisy,1
1333,too_low_volume,2
1334,clean,0
1335,clean,0
1336,clean,0
1337,clean,0
1338,clean,0
1339,noisy,1
1340,clean,0
1341,clean,0
1342,clean,0
1343,clean,0
1344,clean,0
1345,clean,0
1346,clean,0
1347,clean,0
1348,clean,0
1349,clean,0
1350,clean,0
1351,clean,0
1352,clean,0
1353,clean,0
1354,clean,0
1355,clean,0
1356,clean,0
1357,clean,0
1358,clean,0
1359,clean,0
1360,clean,0
1361,noisy,1
1362,clean,0
1363,clean,0
1364,too_low_volume,2
1365,too_low_volume,2
1366,clean,0
1367,clean,0
1368,clean,0
1369,clean,0
1370,clean,0
1371,clean,0
1372,clean,0
1373,clean,0
1374,clean,0
1375,clean,0
1376,clean,0
1377,clean,0
1378,clean,0
1379,clean,0
1380,clean,0
1381,noisy,1
1382,too_low_volume,2
1383,too_low_volume,2
1384,clean,0
1385,clean,0
1386,clean,0
1387,clean,0
1388,clean,0
1389,clean,0
1390,clean,0
1391,noisy,1
1392,clean,0
1393,clean,0
1394,too_low_volume,2
1395,too_low_volume,2
1396,clean,0
1397,clean,0
1398,clean,0
1399,noisy,1
1400,clean,0
1401,clean,0
1402,clean,0
1403,clean,0
1404,clean,0
1405,clean,0
1406,clean,0
1407,noisy,1
1408,clean,0
1409,clean,0
1410,clean,0
1411,clean,0
1412,clean,0
1413,noisy,1
1414,clean,0
1415,clean,0
1416,clean,0
1417,clean,0
1418,clean,0
1419,clean,0
1420,clean,0
1421,clean,0
1422,clean,0
1423,clean,0
1424,clean,0
1425,clean,0
1426,clean,0
1427,clean,0
1428,clean,0
1429,noisy,1
1430,clean,0
1431,clean,0
1432,clean,0
1433,noisy,1
1434,clean,0
1435,noisy,1
1436,clean,0
1437,clean,0
1438,clean,0
1439,clean,0
1440,clean,0
1441,clean,0
1442,clean,0
1443,clean,0
1444,clean,0
1445,clean,0
1446,clean,0
1447,noisy,1
1448,too_low_volume,2
1449,too_low_volume,2
1450,clean,0
1451,noisy,1
1452,clean,0
1453,clean,0
1454,clean,0
1455,clean,0
1456,clean,0
1457,clean,0
1458,clean,0
1459,clean,0
1460,clean,0
1461,clean,0
1462,too_low_volume,2
1463,too_low_volume,2
1464,noisy,1
1465,noisy,1
1466,clean,0
1467,clean,0
1468,clean,0
1469,noisy,1
1470,clean,0
1471,too_low_volume,2
1472,clean,0
1473,clean,0
1474,clean,0
1475,clean,0
1476,clean,0
1477,clean,0
1478,clean,0
1479,clean,0
1480,clean,0
1481,clean,0
1482,clean,0
1483,clean,0
1484,clean,0
1485,clean,0
1486,clean,0
1487,clean,0
1488,noisy,1
1489,noisy,1
1490,clean,0
1491,clean,0
1492,clean,0
1493,noisy,1
1494,clean,0
1495,too_low_volume,2
1496,clean,0
1497,clean,0
1498,clean,0
1499,clean,0
1500,clean,0
1501,clean,0
1502,clean,0
1503,clean,0
1504,clean,0
1505,noisy,1
1506,clean,0
1507,clean,0
1508,clean,0
1509,clean,0
1510,clean,0
1511,clean,0
1512,noisy,1
1513,too_low_volume,2
1514,clean,0
1515,clean,0
1516,noisy,1
1517,too_low_volume,2
1518,too_low_volume,2
1519,too_low_volume,2
1520,clean,0
1521,clean,0
1522,clean,0
1523,clean,0
1524,clean,0
1525,noisy,1
1526,clean,0
1527,clean,0
1528,clean,0
1529,clean,0
1530,clean,0
1531,clean,0
1532,clean,0
1533,noisy,1
1534,clean,0
1535,clean,0
1536,clean,0
1537,clean,0
1538,clean,0
1539,clean,0
1540,clean,0
1541,noisy,1
1542,clean,0
1543,clean,0
1544,noisy,1
1545,clean,0
1546,clean,0
1547,clean,0
1548,clean,0
1549,clean,0
1550,clean,0
1551,clean,0
1552,clean,0
1553,clean,0
1554,clean,0
1555,clean,0
1556,clean,0
1557,clean,0
1558,clean,0
1559,clean,0
1560,clean,0
1561,noisy,1
1562,clean,0
1563,clean,0
1564,clean,0
1565,noisy,1
1566,clean,0
1567,clean,0
1568,clean,0
1569,clean,0
1570,clean,0
1571,clean,0
1572,clean,0
1573,clean,0
1574,clean,0
1575,clean,0
1576,clean,0
1577,clean,0
1578,clean,0
1579,clean,0
1580,clean,0
1581,clean,0
1582,clean,0
1583,clean,0
1584,noisy,1
1585,clean,0
1586,too_low_volume,2
1587,too_low_volume,2
1588,clean,0
1589,clean,0
1590,clean,0
1591,clean,0
1592,clean,0
1593,clean,0
1594,clean,0
1595,clean,0
1596,clean,0
1597,clean,0
1598,clean,0
1599,clean,0
1600,clean,0
1601,noisy,1
1602,clean,0
1603,clean,0
1604,clean,0
1605,clean,0
1606,clean,0
1607,clean,0
1608,clean,0
1609,clean,0
1610,clean,0
1611,clean,0
1612,clean,0
1613,clean,0
1614,clean,0
1615,clean,0
1616,clean,0
1617,clean,0
1618,clean,0
1619,noisy,1
1620,clean,0
1621,clean,0
1622,clean,0
1623,clean,0
1624,clean,0
1625,clean,0
1626,clean,0
1627,clean,0
1628,clean,0
1629,clean,0
1630,clean,0
1631,clean,0
1632,clean,0
1633,clean,0
1634,clean,0
1635,clean,0
1636,clean,0
1637,clean,0
1638,clean,0
1639,clean,0
1642,clean,0
1643,clean,0
1644,clean,0
1645,clean,0
1646,clean,0
1647,clean,0
1648,clean,0
1649,clean,0
1650,clean,0
1651,clean,0
1652,clean,0
1653,clean,0
1654,clean,0
1655,clean,0
1656,clean,0
1657,clean,0
1658,too_low_volume,2
1659,too_low_volume,2
1660,clean,0
1661,noisy,1
1662,clean,0
1663,clean,0
1664,clean,0
1665,clean,0
1666,clean,0
1667,clean,0
1668,clean,0
1669,clean,0
1670,clean,0
1671,clean,0
1672,clean,0
1673,clean,0
1674,noisy,1
1675,clean,0
1676,clean,0
1677,clean,0
1678,clean,0
1679,clean,0
1680,clean,0
1681,noisy,1
1682,clean,0
1683,clean,0
1684,clean,0
1685,clean,0
1686,clean,0
1687,clean,0
1688,clean,0
1689,clean,0
1690,clean,0
1691,clean,0
1692,clean,0
1693,clean,0
1694,clean,0
1695,clean,0
1696,too_low_volume,2
1697,too_low_volume,2
1700,clean,0
1701,clean,0
1702,clean,0
1703,clean,0
1704,clean,0
1705,clean,0
1706,clean,0
1707,clean,0
1708,noisy,1
1709,too_low_volume,2
1710,clean,0
1711,clean,0
1712,clean,0
1713,clean,0
1714,clean,0
1715,clean,0
1716,clean,0
1717,noisy,1
1718,clean,0
1719,clean,0
1720,clean,0
1721,clean,0
1722,clean,0
1723,clean,0
1724,clean,0
1725,clean,0
1726,clean,0
1727,clean,0
1728,clean,0
1729,noisy,1
1730,clean,0
1731,clean,0
1732,noisy,1
1733,clean,0
1734,clean,0
1735,clean,0
1736,clean,0
1737,clean,0
1738,clean,0
1739,clean,0
1740,clean,0
1741,clean,0
1742,clean,0
1743,clean,0
1744,clean,0
1745,clean,0
1746,noisy,1
1747,noisy,1
1748,clean,0
1749,noisy,1
1750,clean,0
1751,noisy,1
1752,clean,0
1753,clean,0
1754,clean,0
1755,clean,0
1756,clean,0
1757,clean,0
1758,clean,0
1759,clean,0
1760,clean,0
1761,clean,0
1762,clean,0
1763,clean,0
1764,clean,0
1765,clean,0
1766,clean,0
1767,clean,0
1768,clean,0
1769,clean,0
1770,clean,0
1771,clean,0
1772,clean,0
1773,clean,0
1774,clean,0
1775,clean,0
1776,clean,0
1777,clean,0
1778,clean,0
1779,clean,0
1780,clean,0
1781,clean,0
1782,clean,0
1783,clean,0
1784,clean,0
1785,clean,0
1786,clean,0
1787,clean,0
1788,clean,0
1789,clean,0
1790,clean,0
1791,clean,0
1792,clean,0
1793,clean,0
1794,clean,0
1795,clean,0
1796,clean,0
1797,clean,0
1798,clean,0
1799,clean,0
1800,too_low_volume,2
1801,too_low_volume,2
1802,clean,0
1803,clean,0
1804,clean,0
1805,too_low_volume,2
1806,clean,0
1807,clean,0
1808,clean,0
1809,too_low_volume,2
1810,noisy,1
1811,too_low_volume,2
1812,clean,0
1813,clean,0
1814,clean,0
1815,clean,0
1816,clean,0
1817,clean,0
1820,clean,0
1821,clean,0
1822,clean,0
1823,clean,0
1824,clean,0
1825,noisy,1
1826,clean,0
1827,clean,0
1828,clean,0
1829,clean,0
1830,clean,0
1831,clean,0
1832,clean,0
1833,clean,0
1834,clean,0
1835,clean,0
1836,clean,0
1837,clean,0
1838,clean,0
1839,clean,0
1840,clean,0
1841,clean,0
1842,clean,0
1843,noisy,1
1844,clean,0
1845,noisy,1
1846,clean,0
1847,clean,0
1848,clean,0
1849,clean,0
1850,clean,0
1851,clean,0
1852,clean,0
1853,clean,0
1854,noisy,1
1855,noisy,1
1856,clean,0
1857,clean,0
1858,clean,0
1859,clean,0
1860,clean,0
1861,clean,0
1862,clean,0
1863,clean,0
1864,clean,0
1865,clean,0
1866,clean,0
1867,clean,0
1868,clean,0
1869,noisy,1
1870,clean,0
1871,clean,0
1872,clean,0
1873,clean,0
1874,clean,0
1875,clean,0
1876,clean,0
1877,clean,0
1878,clean,0
1879,clean,0
1880,clean,0
1881,clean,0
1882,clean,0
1883,clean,0
1884,clean,0
1885,noisy,1
1886,clean,0
1887,clean,0
1888,clean,0
1889,clean,0
1890,clean,0
1891,clean,0
1892,clean,0
1893,clean,0
1894,clean,0
1895,noisy,1
1896,clean,0
1897,clean,0
1898,clean,0
1899,clean,0
1900,clean,0
1901,noisy,1
1902,clean,0
1903,clean,0
1904,clean,0
1905,clean,0
1906,clean,0
1907,clean,0
1908,clean,0
1909,clean,0
1910,noisy,1
1911,clean,0
1912,clean,0
1913,clean,0
1914,too_low_volume,2
1915,too_low_volume,2
1916,clean,0
1917,clean,0
1918,clean,0
1919,too_low_volume,2
1920,too_low_volume,2
1921,clean,0
1922,clean,0
1923,clean,0
1924,clean,0
1925,clean,0
1926,clean,0
1927,noisy,1
1928,clean,0
1929,clean,0
1930,clean,0
1931,clean,0
1932,clean,0
1933,noisy,1
1934,clean,0
1935,clean,0
1936,clean,0
1937,clean,0
1938,too_low_volume,2
1939,too_low_volume,2
1940,clean,0
1941,clean,0
1942,clean,0
1943,clean,0
1944,clean,0
1945,clean,0
1946,clean,0
1947,clean,0
1948,clean,0
1949,clean,0
1950,clean,0
1951,clean,0
1952,clean,0
1953,clean,0
1954,clean,0
1955,clean,0
1956,clean,0
1957,clean,0
1958,clean,0
1959,clean,0
1960,clean,0
1961,clean,0
1964,clean,0
1965,clean,0
1966,clean,0
1967,clean,0
1968,clean,0
1969,clean,0
1970,clean,0
1971,clean,0
1972,clean,0
1973,clean,0
1974,clean,0
1975,clean,0
1976,clean,0
1977,clean,0
1978,clean,0
1979,clean,0
1980,clean,0
1981,clean,0
1982,clean,0
1983,clean,0
1984,clean,0
1985,clean,0
1986,clean,0
1987,clean,0
1988,clean,0
1989,clean,0
1990,clean,0
1991,noisy,1
1992,clean,0
1993,clean,0
1994,clean,0
1995,clean,0
1996,clean,0
1997,clean,0
1998,clean,0
1999,clean,0
2000,clean,0
2001,clean,0
2002,clean,0
2003,clean,0
2004,clean,0
2005,clean,0
2006,clean,0
2007,clean,0
2008,clean,0
2009,clean,0
2010,clean,0
2011,clean,0
2012,too_low_volume,2
2013,too_low_volume,2
2014,clean,0
2015,clean,0
2016,clean,0
2017,clean,0
2018,clean,0
2019,clean,0
2020,clean,0
2021,noisy,1
2022,clean,0
2023,clean,0
2024,clean,0
2025,clean,0
2026,clean,0
2027,clean,0
2028,clean,0
2029,clean,0
2030,clean,0
2031,clean,0
2032,clean,0
2033,clean,0
2034,noisy,1
2035,noisy,1
2036,clean,0
2037,noisy,1
2038,clean,0
2039,clean,0
2040,clean,0
2041,clean,0
2042,clean,0
2043,clean,0
2044,clean,0
2045,clean,0
2046,clean,0
2047,clean,0
2048,clean,0
2049,clean,0
2050,clean,0
2051,clean,0
2052,clean,0
2053,clean,0
2054,clean,0
2055,clean,0
2056,clean,0
2057,clean,0
2058,clean,0
2059,clean,0
2061,too_low_volume,2
2062,clean,0
2063,clean,0
2064,clean,0
2065,clean,0
2066,clean,0
2067,clean,0
2068,clean,0
2069,clean,0
2070,clean,0
2071,clean,0
2072,clean,0
2073,clean,0
2074,clean,0
2075,clean,0
2076,clean,0
2077,clean,0
2078,noisy,1
2079,noisy,1
2080,clean,0
2081,clean,0
2082,too_low_volume,2
2083,too_low_volume,2
2084,clean,0
2085,clean,0
2086,clean,0
2087,clean,0
2088,clean,0
2089,clean,0
2090,clean,0
2091,clean,0
2092,clean,0
2093,clean,0
2094,clean,0
2095,clean,0
2096,clean,0
2097,clean,0
2098,clean,0
2099,clean,0
2100,clean,0
2101,noisy,1
2102,clean,0
2103,clean,0
2104,clean,0
2105,clean,0
2106,clean,0
2107,clean,0
2108,clean,0
2109,clean,0
2110,clean,0
2111,clean,0
2112,clean,0
2113,clean,0
2114,clean,0
2115,clean,0
2116,clean,0
2117,clean,0
2118,clean,0
2119,clean,0
2120,clean,0
2121,noisy,1
2122,clean,0
2123,clean,0
2124,clean,0
2125,clean,0
2126,clean,0
2127,clean,0
2128,clean,0
2129,clean,0
2130,clean,0
2131,clean,0
2132,noisy,1
2133,too_low_volume,2
2134,clean,0
2135,clean,0
2136,clean,0
2137,clean,0
2138,clean,0
2139,clean,0
2140,clean,0
2141,clean,0
2142,clean,0
2143,clean,0
2144,clean,0
2145,clean,0
2146,clean,0
2147,noisy,1
2148,clean,0
2149,clean,0
2150,clean,0
2151,noisy,1
2152,clean,0
2153,clean,0
2154,clean,0
2155,clean,0
2156,clean,0
2157,clean,0
2158,clean,0
2159,noisy,1
2160,noisy,1
2161,clean,0
2164,clean,0
2165,clean,0
2166,clean,0
2167,clean,0
2168,clean,0
2169,clean,0
2170,clean,0
2171,clean,0
2172,clean,0
2173,clean,0
2174,clean,0
2175,clean,0
2176,clean,0
2177,clean,0
2178,clean,0
2179,clean,0
2180,clean,0
2181,clean,0
2182,clean,0
2183,clean,0
2184,clean,0
2185,clean,0
2186,clean,0
2187,clean,0
2188,clean,0
2189,clean,0
2190,clean,0
2191,clean,0
2192,clean,0
2193,clean,0
2194,clean,0
2195,clean,0
2196,clean,0
2197,clean,0
2198,clean,0
2199,clean,0
2200,clean,0
2201,clean,0
2202,clean,0
2203,clean,0
2204,clean,0
2205,clean,0
2206,clean,0
2207,clean,0
2208,clean,0
2209,clean,0
2210,clean,0
2211,clean,0
2212,too_low_volume,2
2213,too_low_volume,2
2214,clean,0
2215,clean,0
2216,clean,0
2217,noisy,1
2218,clean,0
2219,clean,0
2220,clean,0
2221,too_low_volume,2
2222,clean,0
2223,clean,0
2224,clean,0
2225,clean,0
2226,clean,0
2227,noisy,1
2228,clean,0
2229,clean,0
2230,clean,0
2231,clean,0
2232,clean,0
2233,clean,0
2234,clean,0
2235,clean,0
2236,too_low_volume,2
2237,too_low_volume,2
2238,clean,0
2239,clean,0
2240,clean,0
2241,clean,0
2242,clean,0
2243,clean,0
2244,clean,0
2245,clean,0
2246,clean,0
2247,noisy,1
2248,clean,0
2249,clean,0
2250,clean,0
2251,clean,0
2252,clean,0
2253,clean,0
2254,clean,0
2255,clean,0
2256,clean,0
2257,clean,0
2258,clean,0
2259,clean,0
2260,clean,0
2261,clean,0
2262,clean,0
2263,clean,0
2264,clean,0
2265,clean,0
2266,clean,0
2267,clean,0
2268,clean,0
2269,clean,0
2270,clean,0
2271,clean,0
2272,clean,0
2273,clean,0
2274,noisy,1
2275,noisy,1
2276,clean,0
2277,clean,0
2278,clean,0
2279,noisy,1
2280,clean,0
2281,clean,0
2282,clean,0
2283,clean,0
2284,clean,0
2285,clean,0
2286,clean,0
2287,clean,0
2288,clean,0
2289,clean,0
2290,clean,0
2291,clean,0
2292,clean,0
2293,clean,0
2294,clean,0
2295,clean,0
2296,clean,0
2297,clean,0
2298,clean,0
2299,clean,0
2300,clean,0
2301,clean,0
2302,clean,0
2303,noisy,1
2304,clean,0
2305,clean,0
2306,clean,0
2307,clean,0
2308,clean,0
2309,clean,0
2312,clean,0
2313,clean,0
2314,clean,0
2315,clean,0
2316,clean,0
2317,clean,0
2318,clean,0
2319,clean,0
2320,clean,0
2321,clean,0
2322,clean,0
2323,clean,0
2324,clean,0
2325,noisy,1
2326,clean,0
2327,clean,0
2328,clean,0
2329,clean,0
2330,clean,0
2331,clean,0
2332,clean,0
2333,noisy,1
2334,clean,0
2335,clean,0
2336,clean,0
2337,clean,0
2338,clean,0
2339,clean,0
2340,clean,0
2341,clean,0
2342,clean,0
2343,clean,0
2344,clean,0
2345,clean,0
2346,clean,0
2347,noisy,1
2348,clean,0
2349,clean,0
2350,clean,0
2351,clean,0
2352,clean,0
2353,clean,0
2354,clean,0
2355,clean,0
2356,clean,0
2357,clean,0
2358,clean,0
2359,clean,0
2360,clean,0
2361,noisy,1
2362,clean,0
2363,noisy,1
2364,clean,0
2365,clean,0
2366,too_low_volume,2
2367,noisy,1
2368,clean,0
2369,clean,0
2370,clean,0
2371,clean,0
2372,clean,0
2373,clean,0
2374,noisy,1
2375,too_low_volume,2
2376,clean,0
2377,noisy,1
2378,clean,0
2379,clean,0
2380,clean,0
2381,clean,0
2382,clean,0
2383,clean,0
2384,clean,0
2385,clean,0
2386,clean,0
2387,clean,0
2388,clean,0
2389,clean,0
2390,clean,0
2391,clean,0
2392,clean,0
2393,clean,0
2396,clean,0
2397,clean,0
2398,clean,0
2399,clean,0
2400,clean,0
2401,clean,0
2402,clean,0
2403,clean,0
2404,clean,0
2405,clean,0
2406,clean,0
2407,clean,0
2408,clean,0
2409,clean,0
2410,clean,0
2411,clean,0
2412,clean,0
2413,clean,0
2414,clean,0
2415,clean,0
2416,clean,0
2417,clean,0
2418,clean,0
2419,clean,0
2420,clean,0
2421,clean,0
2422,clean,0
2423,too_low_volume,2
2424,clean,0
2425,clean,0
2426,clean,0
2427,clean,0
2428,clean,0
2429,clean,0
2430,clean,0
2431,clean,0
2432,clean,0
2433,noisy,1
2434,noisy,1
2435,noisy,1
2436,too_low_volume,2
2437,too_low_volume,2
2438,clean,0
2439,noisy,1
2440,clean,0
2441,clean,0
2442,clean,0
2443,clean,0
2444,clean,0
2445,clean,0
2446,clean,0
2447,clean,0
2448,clean,0
2449,clean,0
2450,clean,0
2451,clean,0
2452,clean,0
2453,clean,0
2454,clean,0
2455,noisy,1
2456,clean,0
2457,clean,0
2458,clean,0
2459,clean,0
2460,clean,0
2461,clean,0
2462,clean,0
2463,clean,0
2464,clean,0
2465,noisy,1
2466,clean,0
2467,clean,0
2468,clean,0
2469,clean,0
2470,clean,0
2471,clean,0
2472,clean,0
2473,clean,0
2474,clean,0
2475,too_low_volume,2
2476,noisy,1
2477,noisy,1
2478,clean,0
2479,clean,0
2480,clean,0
2481,noisy,1
2482,too_low_volume,2
2483,too_low_volume,2
2484,clean,0
2485,clean,0
2486,clean,0
2487,clean,0
2488,clean,0
2489,clean,0
2490,clean,0
2491,clean,0
2492,clean,0
2493,clean,0
2494,clean,0
2495,clean,0
2496,clean,0
2497,clean,0
2498,clean,0
2499,clean,0
2500,clean,0
2501,clean,0
2502,clean,0
2503,clean,0
2504,clean,0
2505,noisy,1
2506,clean,0
2507,clean,0
2508,clean,0
2509,clean,0
2510,clean,0
2511,clean,0
2512,clean,0
2513,clean,0
2514,clean,0
2515,clean,0
2516,clean,0
2517,clean,0
2518,clean,0
2519,clean,0
2520,clean,0
2521,clean,0
2522,clean,0
2523,clean,0
2524,clean,0
2525,clean,0
2526,clean,0
2527,clean,0
2528,clean,0
2529,clean,0
2530,clean,0
2531,clean,0
2532,clean,0
2533,clean,0
2534,noisy,1
2535,clean,0
2536,clean,0
2537,clean,0
2540,clean,0
2541,clean,0
2542,clean,0
2543,clean,0
2544,clean,0
2545,too_low_volume,2
2546,clean,0
2547,clean,0
2548,clean,0
2549,clean,0
2550,clean,0
2551,clean,0
2552,clean,0
2553,clean,0
2554,clean,0
2555,clean,0
2556,clean,0
2557,clean,0
2558,clean,0
2559,clean,0
2560,clean,0
2561,clean,0
2562,noisy,1
2563,clean,0
2564,clean,0
2565,clean,0
2566,clean,0
2567,clean,0
2568,clean,0
2569,clean,0
2570,noisy,1
2571,too_low_volume,2
2572,too_low_volume,2
2573,too_low_volume,2
2574,clean,0
2575,clean,0
2576,clean,0
2577,clean,0
2578,clean,0
2579,clean,0
2580,clean,0
2581,clean,0
2582,too_low_volume,2
2583,too_low_volume,2
2584,clean,0
2585,clean,0
2586,clean,0
2587,clean,0
2588,clean,0
2589,clean,0
2590,clean,0
2591,clean,0
2592,clean,0
2593,clean,0
2594,clean,0
2595,clean,0
2596,clean,0
2597,clean,0
2598,clean,0
2599,clean,0
2600,clean,0
2601,clean,0
2602,clean,0
2603,noisy,1
2604,clean,0
2605,clean,0
2606,clean,0
2607,clean,0
2608,clean,0
2609,noisy,1
2610,clean,0
2611,clean,0
2612,clean,0
2613,too_low_volume,2
2614,clean,0
2615,clean,0
2616,clean,0
2617,clean,0
2618,too_low_volume,2
2619,too_low_volume,2
2620,clean,0
2621,clean,0
2622,clean,0
2623,clean,0
2624,clean,0
2625,noisy,1
2626,clean,0
2627,clean,0
2628,clean,0
2629,clean,0
2630,clean,0
2631,clean,0
2632,clean,0
2633,clean,0
2634,clean,0
2635,clean,0
2636,clean,0
2637,noisy,1
2638,clean,0
2639,clean,0
2640,clean,0
2641,clean,0
2642,clean,0
2643,clean,0
2644,clean,0
2645,clean,0
2646,clean,0
2647,clean,0
2648,too_low_volume,2
2649,too_low_volume,2
2650,clean,0
2651,clean,0
2652,noisy,1
2653,noisy,1
2654,clean,0
2655,clean,0
2656,clean,0
2657,clean,0
2658,noisy,1
2659,noisy,1
2660,clean,0
2661,clean,0
2662,clean,0
2663,clean,0
2664,clean,0
2665,clean,0
2666,clean,0
2667,clean,0
2668,clean,0
2669,noisy,1
2670,clean,0
2671,clean,0
2672,clean,0
2673,clean,0
2674,clean,0
2675,clean,0
2676,clean,0
2677,clean,0
2678,clean,0
2679,noisy,1
2680,clean,0
2681,clean,0
2682,clean,0
2683,noisy,1
2684,clean,0
2685,clean,0
2686,clean,0
2687,noisy,1
2688,clean,0
2689,clean,0
2690,clean,0
2691,clean,0
2692,too_low_volume,2
2696,clean,0
2697,clean,0
2698,clean,0
2699,clean,0
2700,clean,0
2701,clean,0
2702,clean,0
2703,clean,0
2704,clean,0
2705,clean,0
2706,clean,0
2707,noisy,1
2708,clean,0
2709,clean,0
2710,clean,0
2711,clean,0
2712,clean,0
2713,clean,0
2714,clean,0
2715,clean,0
2716,clean,0
2717,noisy,1
2718,clean,0
2719,clean,0
2720,clean,0
2721,clean,0
2722,clean,0
2723,clean,0
2724,clean,0
2725,clean,0
2726,clean,0
2727,clean,0
2728,clean,0
2729,clean,0
2730,clean,0
2731,clean,0
2732,clean,0
2733,clean,0
2736,clean,0
2737,noisy,1
2738,too_low_volume,2
2739,too_low_volume,2
2740,clean,0
2741,noisy,1
2742,clean,0
2743,noisy,1
2744,clean,0
2745,clean,0
2746,clean,0
2747,clean,0
2748,clean,0
2749,clean,0
2750,clean,0
2751,clean,0
2752,clean,0
2753,clean,0
2754,noisy,1
2755,clean,0
2756,clean,0
2757,clean,0
2758,clean,0
2759,clean,0
2760,clean,0
2761,clean,0
2762,clean,0
2763,clean,0
2764,clean,0
2765,clean,0
2766,clean,0
2767,clean,0
2768,clean,0
2769,clean,0
2770,clean,0
2771,clean,0
2772,clean,0
2773,clean,0
2774,clean,0
2775,clean,0
2776,clean,0
2777,clean,0
2778,noisy,1
2779,too_low_volume,2
2780,noisy,1
2781,too_low_volume,2
2782,clean,0
2783,clean,0
2784,clean,0
2785,clean,0
2786,clean,0
2787,clean,0
2788,clean,0
2789,clean,0
2790,clean,0
2791,clean,0
2792,clean,0
2793,clean,0
2794,clean,0
2795,clean,0
2796,noisy,1
2797,noisy,1
2798,clean,0
2799,too_low_volume,2
2800,clean,0
2801,clean,0
2802,clean,0
2803,clean,0
2804,clean,0
2805,clean,0
2806,clean,0
2807,clean,0
2808,clean,0
2809,clean,0
2810,clean,0
2811,noisy,1
2812,clean,0
2813,clean,0
2814,clean,0
2815,clean,0
2816,clean,0
2817,clean,0
2818,clean,0
2819,clean,0
2820,clean,0
2821,clean,0
2822,clean,0
2823,clean,0
2824,clean,0
2825,clean,0
2826,clean,0
2827,clean,0
2828,clean,0
2829,clean,0
2830,clean,0
2831,clean,0
2832,clean,0
2833,noisy,1
2834,clean,0
2835,clean,0
2836,clean,0
2837,clean,0
2838,clean,0
2839,clean,0
2840,clean,0
2841,clean,0
2842,noisy,1
2843,too_low_volume,2
2844,clean,0
2845,clean,0
2846,clean,0
2847,clean,0
2848,clean,0
2849,clean,0
2850,clean,0
2851,clean,0
2852,clean,0
2853,clean,0
2854,too_low_volume,2
2855,too_low_volume,2
2856,noisy,1
2857,noisy,1
2858,clean,0
2859,clean,0
2860,clean,0
2861,too_low_volume,2
2862,clean,0
2863,clean,0
2864,clean,0
2865,clean,0
2866,clean,0
2867,clean,0
2868,clean,0
2869,clean,0
2870,too_low_volume,2
2871,too_low_volume,2
2872,clean,0
2873,clean,0
2874,clean,0
2875,clean,0
2876,too_low_volume,2
2877,too_low_volume,2
2878,clean,0
2879,clean,0
2880,clean,0
2881,noisy,1
2882,clean,0
2883,clean,0
2884,clean,0
2885,clean,0
2886,clean,0
2887,clean,0
2888,too_low_volume,2
2889,noisy,1
2890,clean,0
2891,noisy,1
2892,clean,0
2893,clean,0
2894,too_low_volume,2
2895,too_low_volume,2
2896,clean,0
2897,clean,0
2898,clean,0
2899,noisy,1
2900,clean,0
2901,clean,0
2902,clean,0
2903,noisy,1
2904,clean,0
2905,clean,0
2906,clean,0
2907,clean,0
2908,clean,0
2909,clean,0
2910,noisy,1
2911,noisy,1
2912,noisy,1
2913,noisy,1
2914,clean,0
2915,clean,0
2916,clean,0
2917,noisy,1
2918,clean,0
2919,noisy,1
2920,clean,0
2921,noisy,1
2922,clean,0
2923,clean,0
2924,clean,0
2925,clean,0
2926,clean,0
2927,clean,0
2928,clean,0
2929,clean,0
2932,clean,0
2933,clean,0
2934,clean,0
2935,clean,0
2936,clean,0
2937,clean,0
2938,clean,0
2939,clean,0
2940,clean,0
2941,clean,0
2942,clean,0
2943,clean,0
2944,clean,0
2945,clean,0
2946,clean,0
2947,clean,0
2950,clean,0
2951,noisy,1
2952,clean,0
2953,clean,0
2954,clean,0
2955,clean,0
2956,clean,0
2957,clean,0
2958,clean,0
2959,clean,0
2960,noisy,1
2961,noisy,1
2962,clean,0
2963,clean,0
2964,clean,0
2965,clean,0
2966,clean,0
2967,clean,0
2968,clean,0
2969,clean,0
2970,clean,0
2971,clean,0
2972,clean,0
2973,clean,0
2974,too_low_volume,2
2975,clean,0
2976,clean,0
2977,clean,0
2978,clean,0
2979,clean,0
2980,clean,0
2981,clean,0
2982,clean,0
2983,clean,0
2984,clean,0
2985,clean,0
2986,clean,0
2987,clean,0
2988,clean,0
2989,clean,0
2990,clean,0
2991,clean,0
2992,clean,0
2993,clean,0
2994,clean,0
2995,clean,0
2996,noisy,1
2997,noisy,1
2998,too_low_volume,2
2999,too_low_volume,2
3000,clean,0
3001,clean,0
3002,clean,0
3003,clean,0
3004,clean,0
3005,clean,0
3006,clean,0
3007,clean,0
3008,too_low_volume,2
3009,too_low_volume,2
3010,clean,0
3011,clean,0
3012,clean,0
3013,clean,0
3014,clean,0
3015,clean,0
3016,clean,0
3017,clean,0
3018,clean,0
3019,clean,0
3020,clean,0
3021,clean,0
3022,clean,0
3023,clean,0
3024,clean,0
3025,clean,0
3026,clean,0
3027,clean,0
3028,clean,0
3029,clean,0
3030,clean,0
3031,noisy,1
3032,clean,0
3033,clean,0
3034,clean,0
3035,clean,0
3036,clean,0
3037,clean,0
3038,clean,0
3039,clean,0
3040,clean,0
3041,clean,0
3042,clean,0
3043,noisy,1
3044,clean,0
3045,clean,0
3046,clean,0
3047,noisy,1
3048,clean,0
3049,clean,0
3050,clean,0
3051,clean,0
3052,clean,0
3053,clean,0
3054,clean,0
3055,clean,0
3056,clean,0
3057,clean,0
3058,clean,0
3059,clean,0
3060,clean,0
3061,clean,0
3062,clean,0
3063,clean,0
3064,clean,0
3065,clean,0
3066,clean,0
3067,clean,0
3068,clean,0
3069,clean,0
3070,clean,0
3071,too_low_volume,2
3072,clean,0
3073,clean,0
3074,clean,0
3075,clean,0
3076,clean,0
3077,clean,0
3078,clean,0
3079,clean,0
3080,clean,0
3081,noisy,1
3082,clean,0
3083,clean,0
3084,clean,0
3085,noisy,1
3086,clean,0
3087,noisy,1
3088,clean,0
3089,clean,0
3090,clean,0
3091,clean,0
3092,clean,0
3093,clean,0
3094,clean,0
3095,clean,0
3096,clean,0
3097,clean,0
3098,clean,0
3099,clean,0
3100,clean,0
3101,clean,0
3102,clean,0
3103,clean,0
3104,clean,0
3105,clean,0
3106,clean,0
3107,clean,0
3108,clean,0
3109,clean,0
3110,clean,0
3111,clean,0
3112,clean,0
3113,clean,0
3114,clean,0
3115,clean,0
3116,clean,0
3117,noisy,1
3118,clean,0
3119,clean,0
3120,too_low_volume,2
3121,too_low_volume,2
3122,clean,0
3123,clean,0
3124,clean,0
3125,clean,0
3126,clean,0
3127,clean,0
3128,clean,0
3129,clean,0
3130,clean,0
3131,clean,0
3132,clean,0
3133,noisy,1
3134,clean,0
3135,clean,0
3136,clean,0
3137,clean,0
3138,clean,0
3139,clean,0
3140,clean,0
3141,clean,0
3144,too_low_volume,2
3145,noisy,1
3146,clean,0
3147,clean,0
3148,clean,0
3149,clean,0
3150,clean,0
3151,clean,0
3152,clean,0
3153,too_low_volume,2
3154,clean,0
3155,clean,0
3156,noisy,1
3157,too_low_volume,2
3158,clean,0
3159,clean,0
3160,clean,0
3161,clean,0
3162,noisy,1
3163,too_low_volume,2
3164,clean,0
3165,clean,0
3166,clean,0
3167,clean,0
3168,clean,0
3169,clean,0
3170,clean,0
3171,noisy,1
3172,clean,0
3173,clean,0
3174,too_low_volume,2
3175,too_low_volume,2
3176,clean,0
3177,clean,0
3178,clean,0
3179,clean,0
3180,clean,0
3181,clean,0
3182,clean,0
3183,clean,0
3184,clean,0
3185,clean,0
3186,clean,0
3187,clean,0
3188,clean,0
3189,clean,0
3190,clean,0
3191,noisy,1
3192,clean,0
3193,clean,0
3194,clean,0
3195,clean,0
3196,clean,0
3197,clean,0
3198,clean,0
3199,clean,0
3200,clean,0
3201,clean,0
3202,clean,0
3203,noisy,1
3204,clean,0
3205,clean,0
3206,clean,0
3207,noisy,1
3208,clean,0
3209,too_low_volume,2
3210,clean,0
3211,clean,0
3212,clean,0
3213,clean,0
3214,clean,0
3215,clean,0
3216,clean,0
3217,clean,0
3218,clean,0
3219,noisy,1
3220,clean,0
3221,clean,0
3222,clean,0
3223,noisy,1
3224,clean,0
3225,clean,0
3226,clean,0
3227,clean,0
3228,clean,0
3229,clean,0
3230,clean,0
3231,clean,0
3232,clean,0
3233,clean,0
3234,clean,0
3235,clean,0
3236,clean,0
3237,clean,0
3238,clean,0
3239,clean,0
3240,clean,0
3241,noisy,1
3242,clean,0
3243,clean,0
3244,noisy,1
3245,noisy,1
3246,clean,0
3247,clean,0
3248,clean,0
3249,clean,0
3250,clean,0
3251,clean,0
3252,clean,0
3253,clean,0
3254,clean,0
3255,clean,0
3256,clean,0
3257,clean,0
3258,clean,0
3259,clean,0
3260,clean,0
3261,clean,0
3262,clean,0
3263,clean,0
3264,too_low_volume,2
3265,too_low_volume,2
3266,clean,0
3267,clean,0
3268,clean,0
3269,clean,0
3270,clean,0
3271,noisy,1
3272,clean,0
3273,too_low_volume,2
3274,too_low_volume,2
3275,too_low_volume,2
3276,clean,0
3277,clean,0
3278,noisy,1
3279,too_low_volume,2
3280,clean,0
3281,noisy,1
3282,clean,0
3283,clean,0
3284,clean,0
3285,noisy,1
3286,clean,0
3287,clean,0
3288,clean,0
3289,noisy,1
3290,clean,0
3291,clean,0
3292,clean,0
3293,clean,0
3294,clean,0
3295,clean,0
3296,clean,0
3297,clean,0
3298,clean,0
3300,too_low_volume,2
3301,too_low_volume,2
3302,clean,0
3303,clean,0
3304,clean,0
3305,clean,0
3306,clean,0
3307,clean,0
3308,clean,0
3309,clean,0
3310,clean,0
3311,clean,0
3312,clean,0
3313,clean,0
3314,clean,0
3315,clean,0
3316,clean,0
3317,clean,0
3318,clean,0
3319,clean,0
3320,clean,0
3321,clean,0
3322,clean,0
3323,clean,0
3324,clean,0
3325,clean,0
3326,clean,0
3327,noisy,1
3328,clean,0
3329,clean,0
3330,clean,0
3331,clean,0
3332,clean,0
3333,clean,0
3334,clean,0
3335,clean,0
3336,clean,0
3337,clean,0
3338,clean,0
3339,clean,0
3340,clean,0
3341,clean,0
3342,clean,0
3343,noisy,1
3344,noisy,1
3345,noisy,1
3346,clean,0
3347,clean,0
3348,clean,0
3349,clean,0
3350,clean,0
3351,clean,0
3352,clean,0
3353,clean,0
3354,clean,0
3355,clean,0
3356,clean,0
3357,clean,0
3358,clean,0
3359,clean,0
3360,clean,0
3361,clean,0
3362,clean,0
3364,clean,0
3365,clean,0
3366,clean,0
3367,clean,0
3368,clean,0
3369,clean,0
3370,noisy,1
3371,too_low_volume,2
3372,clean,0
3373,clean,0
3374,clean,0
3375,clean,0
3376,clean,0
3377,noisy,1
3378,clean,0
3379,clean,0
3380,clean,0
3381,clean,0
3382,clean,0
3383,clean,0
3384,clean,0
3385,clean,0
3386,clean,0
3387,clean,0
3388,noisy,1
3389,too_low_volume,2
3390,clean,0
3391,noisy,1
3392,clean,0
3393,clean,0
3394,clean,0
3395,clean,0
3396,clean,0
3397,too_low_volume,2
3398,clean,0
3399,clean,0
3400,clean,0
3401,clean,0
3402,clean,0
3403,clean,0
3404,clean,0
3405,clean,0
3406,clean,0
3407,clean,0
3408,clean,0
3409,clean,0
3410,clean,0
3411,clean,0
3412,clean,0
3413,clean,0
3414,clean,0
3415,clean,0
3416,clean,0
3417,clean,0
3418,noisy,1
3419,noisy,1
3420,clean,0
3421,clean,0
3422,clean,0
3423,clean,0
3424,too_low_volume,2
3425,clean,0
3426,clean,0
3427,clean,0
3428,clean,0
3429,clean,0
3430,clean,0
3431,clean,0
3432,clean,0
3433,clean,0
3434,clean,0
3435,clean,0
3436,clean,0
3437,clean,0
3438,clean,0
3439,clean,0
3440,clean,0
3441,clean,0
3442,clean,0
3443,clean,0
3444,clean,0
3445,clean,0
3446,clean,0
3447,clean,0
3448,clean,0
3449,too_low_volume,2
3450,clean,0
3451,noisy,1
3452,too_low_volume,2
3453,too_low_volume,2
3454,clean,0
3455,clean,0
3456,clean,0
3457,clean,0
3458,clean,0
3459,clean,0
3460,clean,0
3461,clean,0
3462,clean,0
3463,clean,0
3464,clean,0
3465,noisy,1
3466,clean,0
3467,clean,0
3468,clean,0
3469,clean,0
3470,clean,0
3471,clean,0
3472,clean,0
3473,clean,0
3474,clean,0
3475,clean,0
3476,too_low_volume,2
3477,clean,0
3478,clean,0
3479,clean,0
3480,clean,0
3481,clean,0
3482,clean,0
3483,noisy,1
3484,clean,0
3485,noisy,1
3486,clean,0
3487,clean,0
3488,clean,0
3489,clean,0
3490,clean,0
3491,clean,0
3492,clean,0
3493,clean,0
3494,clean,0
3495,clean,0
3496,clean,0
3497,clean,0
3498,clean,0
3499,clean,0
3500,clean,0
3501,clean,0
3502,clean,0
3503,clean,0
3504,clean,0
3505,clean,0
3506,clean,0
3507,noisy,1
3508,clean,0
3509,too_low_volume,2
3510,clean,0
3511,clean,0
3512,clean,0
3513,clean,0
3514,clean,0
3515,clean,0
3516,clean,0
3517,clean,0
3518,clean,0
3519,clean,0
3520,clean,0
3521,clean,0
3522,noisy,1
3523,noisy,1
3524,clean,0
3525,noisy,1
3526,clean,0
3527,clean,0
3528,clean,0
3529,clean,0
3530,clean,0
3531,clean,0
3532,clean,0
3533,clean,0
3534,clean,0
3535,noisy,1
3536,clean,0
3537,clean,0
3538,clean,0
3539,clean,0
3540,clean,0
3541,clean,0
3542,clean,0
3543,clean,0
3544,clean,0
3545,clean,0
3546,clean,0
3547,clean,0
3548,clean,0
3549,clean,0
3550,clean,0
3551,clean,0
3552,clean,0
3553,clean,0
3554,too_low_volume,2
3555,too_low_volume,2
3556,clean,0
3557,clean,0
3558,clean,0
3559,clean,0
3560,clean,0
3561,noisy,1
3562,clean,0
3563,clean,0
3564,clean,0
3565,noisy,1
3566,clean,0
3567,clean,0
3568,clean,0
3569,noisy,1
3570,clean,0
3571,clean,0
3572,clean,0
3573,clean,0
3574,clean,0
3575,clean,0
3576,clean,0
3577,clean,0
3578,too_low_volume,2
3579,too_low_volume,2
3580,clean,0
3581,clean,0
3582,noisy,1
3583,noisy,1
3584,clean,0
3585,clean,0
3586,noisy,1
3587,noisy,1
3588,clean,0
3589,clean,0
3590,clean,0
3591,clean,0
3592,clean,0
3593,noisy,1
3594,too_low_volume,2
3595,noisy,1
3596,clean,0
3597,noisy,1
3598,clean,0
3599,clean,0
3600,clean,0
3601,noisy,1
3602,too_low_volume,2
3603,too_low_volume,2
3604,clean,0
3605,clean,0
3606,clean,0
3607,noisy,1
3608,clean,0
3609,clean,0
3610,clean,0
3611,clean,0
3612,clean,0
3613,clean,0
3614,clean,0
3615,clean,0
3616,clean,0
3617,clean,0
3618,clean,0
3619,clean,0
3620,clean,0
3621,clean,0
3622,clean,0
3623,clean,0
3624,clean,0
3625,clean,0
3626,clean,0
3627,noisy,1
3628,clean,0
3629,clean,0
3630,clean,0
3631,clean,0
3632,clean,0
3633,clean,0
3634,clean,0
3635,clean,0
3636,clean,0
3637,clean,0
3638,clean,0
3639,clean,0
3640,clean,0
3641,clean,0
3642,clean,0
3643,clean,0
3644,clean,0
3645,clean,0
3646,noisy,1
3647,noisy,1
3648,clean,0
3649,clean,0
3650,clean,0
3651,clean,0
3652,clean,0
3653,clean,0
3654,clean,0
3655,clean,0
3656,clean,0
3657,clean,0
3658,clean,0
3659,clean,0
3660,clean,0
3661,clean,0
3662,clean,0
3665,too_low_volume,2
3666,clean,0
3667,noisy,1
3668,clean,0
3669,clean,0
3670,clean,0
3671,clean,0
3672,clean,0
3673,clean,0
3674,clean,0
3675,clean,0
3676,clean,0
3677,clean,0
3678,clean,0
3679,clean,0
3680,clean,0
3681,clean,0
3682,clean,0
3683,clean,0
3684,clean,0
3685,clean,0
3686,clean,0
3687,clean,0
3689,too_low_volume,2
3690,clean,0
3691,clean,0
3692,clean,0
3693,clean,0
3694,clean,0
3695,clean,0
3696,clean,0
3697,clean,0
3698,clean,0
3699,noisy,1
3700,clean,0
3701,clean,0
3702,clean,0
3703,clean,0
3704,clean,0
3705,clean,0
3706,clean,0
3707,clean,0
3708,clean,0
3709,clean,0
3710,clean,0
3711,clean,0
3712,clean,0
3713,clean,0
3714,clean,0
3715,clean,0
3716,clean,0
3717,clean,0
3718,clean,0
3719,clean,0
3720,clean,0
3721,clean,0
3722,clean,0
3723,clean,0
3724,clean,0
3725,noisy,1
3726,clean,0
3727,clean,0
3728,noisy,1
3729,noisy,1
3730,clean,0
3731,clean,0
3732,clean,0
3733,clean,0
3734,clean,0
3736,clean,0
3737,clean,0
3738,clean,0
3739,clean,0
3740,clean,0
3741,clean,0
3742,clean,0
3743,clean,0
3744,clean,0
3745,clean,0
3746,clean,0
3747,clean,0
3748,clean,0
3749,clean,0
3750,too_low_volume,2
3751,too_low_volume,2
3752,clean,0
3753,clean,0
3754,noisy,1
3755,too_low_volume,2
3756,too_low_volume,2
3757,too_low_volume,2
3758,noisy,1
3759,noisy,1
3760,clean,0
3761,clean,0
3762,clean,0
3763,clean,0
3764,clean,0
3765,clean,0
3766,clean,0
3767,clean,0
3768,clean,0
3769,clean,0
3770,clean,0
3771,clean,0
3772,clean,0
3773,clean,0
3774,clean,0
3775,clean,0
3776,clean,0
3777,too_low_volume,2
3778,clean,0
3779,clean,0
3780,clean,0
3781,clean,0
3782,clean,0
3783,clean,0
3784,clean,0
3785,clean,0
3786,clean,0
3787,noisy,1
3788,clean,0
3789,clean,0
3790,clean,0
3791,clean,0
3792,noisy,1
3793,clean,0
3794,clean,0
3795,clean,0
3796,clean,0
3797,clean,0
3798,clean,0
3799,clean,0
3800,clean,0
3801,clean,0
3802,clean,0
3803,clean,0
3804,clean,0
3805,clean,0
3806,clean,0
3807,clean,0
3808,clean,0
3809,clean,0
3810,too_low_volume,2
3811,clean,0
3812,clean,0
3813,noisy,1
3814,clean,0
3815,clean,0
3816,clean,0
3817,clean,0
3818,clean,0
3819,clean,0
3820,clean,0
3821,clean,0
3822,clean,0
3823,clean,0
3824,clean,0
3825,clean,0
3826,clean,0
3827,clean,0
3828,too_low_volume,2
3829,noisy,1
3830,clean,0
3831,clean,0
3832,clean,0
3833,clean,0
3834,too_low_volume,2
3835,too_low_volume,2
3836,clean,0
3837,too_low_volume,2
3838,clean,0
3839,clean,0
3840,clean,0
3841,clean,0
3842,clean,0
3843,clean,0
